DuplicateQuesId,DuplicateQuesTitle,DuplicateQuesBody,DuplicateQuesTags
352616,"['automat', 'login', 'lock']","['want', 'configur', 'window', 'login', 'automat', 'switch', 's', 'm', 'lazi', 't', 'like', 'type', 'password', 's', 'want', 'program', 'configur', 'run', 'startup', 'run', 'automat', 't', 'want', 'desktop', 'want', 'remain', 'lock', 'm', 'readi', 'work', 'type', 'password', 't', 'wait', 'startup', 'program', 'run']","['windows', 'windows', 'security', 'boot', 'automation']"
523928,"['run', 'integr', 'video', 'adaptor', 'alongsid', 'gpu', 'intel']","['ve', 'got', 'asu', 'p', 'z', 'motherboard', 'core', 'processor', 'geforc', 'video', 'card', 'm', 'run', 'window', 'primarili', 'us', 's', 'situat', 'want', 'us', 'hd', 'video', 'adaptor', 'built', 'core', 'processor', 'exampl', 'want', 'advantag', 'quicksync']","['graphics', 'card', 'intel', 'graphics']"
234923,"['determin', 'tab', 'firefox', 'cpu', 'resourc']","['current', 'firefox', 'similar', 'task', 'manag', 'googl', 'chrome', 'shift', 'esc', 'occasion', 'take', 'cpu', 'firefox', 'unrespons', 'multipl', 'window', 'dozen', 'tab', 'open', 'trial', 'error', 'go']","['firefox', 'cpu', 'usage', 'browser', 'tabs', 'resource', 'usage']"
486710,"['identifi', 'cell', 'column', 'contain', 'valu', 'column', 'b']","['m', 'advanc', 'excel', 'user', 'm', 'certain', 'excel', 'm', 'ask', 've', 'wai', 'attempt', 'search', 'question', 'similar', 'http', 'stackoverflow', 'com', 'question', 'valu', 'column', 'contain', 'valu', 'column', 'b', 'answer', 't', 'work', 'b', 's', 'correct', 'output', 'need', 'basic', 'column', 'column', 'contain', 'url', 'row', 'column', 'b', 'contain', 'url', 'slug', 'row', 'want', 'search', 'valu', 'column', 'b', 'contain', 'valu', 'column', 'want', 'return', 'valu', 'true', 'column', 'c', 've', 'read', 'vlookup', 'ought', 'work', 'life', 't', 'work', 'tri', 'answer', 'link', 'us', 'countif', 'match', 'case', 'got', 'fals', 'return', 'know', 'valu', 'column', 'b', 'contain', 'url', 'column', 'sens', 'edit', 'answer', 'provid', 'result', 'thank', 'suspect', 'ask', 'question', 'correctli', 'answer', 'm', 'get', 'true', 'result', 'look', 'like', 'true', 'correl', 'slug', 'column', 'b', 'url', 'column', 'let', 'wai', 'll', 'slug', 'column', 'b', 'c', 'b', 'true', 'respons', 'want', 'fomula', 'look', 'url', 'valu', 'column', 'c', 'contain', 'url', 'ye', 'return', 'true', 'b', 'fals', 'leav', 'blank', 'abl', 'url', 'contain', 'slug', 'search', 'apolog', 'clearer', 'origin', 'ask', 'feel', 'like', 's', 'slight', 'tweak', 'answer', 've', 'given']","['microsoft', 'excel', 'microsoft', 'excel', 'worksheet', 'function']"
494382,"['window', 'possibl', 'creat', 'imag']","['window', 'creat', 'imag', 'restor', 'later', 'backup', 'restor', 'option', 'enter', 'imag', 'descript', 'http', 'stack', 'imgur', 'com', 'o', 'kpi', 'png', 'backup', 'restor', 'option', 'chang', 'window', 'look', 'like', 'enter', 'imag', 'descript', 'http', 'stack', 'imgur', 'com', 'vn', 'j', 'png', 'possibl', 'creat', 'imag', 'restor', 'later', 'featur', 'remov']","['backup', 'windows']"
561771,"['pci', 'x', 'pci', 'express']","['motherboard', 'gigabyt', 'ga', 'ma', 'gmt', 's', 'written', 'pci', 'slot', 'x', 'pci', 'express', 'x', 'slot', 'run', 'x', 'x', 'pci', 'express', 'x', 'slot', 'x', 'pci', 'slot', 'graphic', 'card', 'follow', 'configur', 'bu', 'standard', 'pci', 'express', 'model', 'id', 'radeon', 'hd', 'graphic', 'card', 'compat', 'motherboard']","['windows', 'motherboard', 'amd', 'radeon', 'pci']"
244959,"['run', 'administr', 'shortcut', 'password', 'prompt']","['instal', 'program', 'window', 'need', 'admin', 'right', 'run', 'properli', 'run', 'window', 'xp', 'runa', 'command', 'savecr', 'switch', 'creat', 'shortcut', 'open', 'applic', 'run', 'administr', 'prompt', 'password', 'tri', 'option', 'internet', 'properti', 'dialogu', 'shortcut', 'mess', 'schedul', 'task', 'option', 'avail', 'run', 'window', 'home', 'premium', 'bit', 'program', 'instal', 'administr', 'icon', 'overlai', 'seam', 'run', 'admin', 'prompt', 'credenti', 'achiev', 'manual']","['windows', 'administrator', 'uac']"
87398,"['window', 'administr', 'command', 'prompt', 'start', 'path']","['know', 'creat', 'shortcut', 'administr', 'level', 'command', 'prompt', 'describ', 'question', 'm', 'see', 'us', 'shortcut', 'drop', 'c', 'window', 'path', 've', 'tri', 'specifi', 'shortcut', 's', 'properti', 'set', 'start', 'path', 'need', 'avail', 'time', 'run', 'cmd', 'ex', 'administr', 'complet', 'disregard', 'shortcut', 's', 'path', 'stick', 'c', 'window', 'suggest', 'window', 'respect', 'shortcut', 's', 'start', 'path']","['windows', 'command', 'line', 'runas']"
132891,"['reset', 'folder', 'permiss', 'default', 'ubuntu']","['recent', 'type', 'command', 'sudo', 'chmod', 'r', 'thing', 'like', 'sudo', 'work', 'normal', 'wonder', 'wai', 'reset', 'folder', 'permiss', 'origin', 'state']","['ubuntu', 'permissions', 'chmod']"
45789,"['run', 'dn', 'local', 'home', 'network']","['small', 'home', 'network', 'got', 'larger', 'new', 'roommat', 'exist', 'roommat', 'got', 'laptop', 'friend', 'come', 'laptop', 'd', 'like', 'run', 'local', 'dn', 'server', 'lookup', 'local', 'network', 'stuff', 'fileserv', 'local', 'windowstv', 'local', 'machinea', 'local', 'machineb', 'local', 'appletv', 'local', 'busi', 'line', 'static', 'ip', 'run', 'bind', 'name', 'intern', 'normal', 'account', 'isp', 's', 'dn', 'server', 'constantli', 'chang', 'reason', 'isp', 't', 'like', 'ip', 'rang', 'long', 'need', 'local', 'dn', 'automat', 'updat', 'us', 'isp', 's', 'dn', 'extern', 'traffic', 'abl', 'maintain', 'intern', 'dn', 'server', 'get', 'updat', 'host', 'file', 'hassl', 'new', 'machin', 'rebuild', 'exist', 'machin', 'win', 'ubuntu', 'addition', 'isp', 's', 'dn', 'server', 'crash', 'unrespons', 'open', 'dn', 'server', 'reliabl', 't', 'want', 'reconfig', 'dai', 'us', 'primari', 'fail', 'us', 'isp', 's', 'updat', 'look', 'workstat', 'abl', 'us', 'dhcp', 'connect', 'instead', 'get', 'isp', 'dn', 'server', 'get', 'intern']","['dns', 'home', 'networking']"
373560,"['hard', 'disk', 'make', 'short', 'low', 'high', 'pitch', 'nois', 'semi', 'regularli']","['m', 'try', 'figur', 's', 'wrong', 'brand', 'new', 'seagat', 'st', 'dm', 'yn', 'hard', 'drive', 'irregularli', 'seemingli', 'minut', 'minut', 'time', 've', 'time', 'make', 'short', 'second', 'top', 'fairli', 'high', 'pitch', 'sound', 's', 'definit', 'normal', 'work', 'nois', 't', 'correl', 'disk', 'activ', 'odd', 'thing', 'drive', 'usb', 'sata', 'adapt', 'dongl', 'thing', 'plug', 'cradl', 'sit', 'case', 'paper', 'magazin', 'insul', 'unusu', 'nois', 'copi', 'tb', 'data', 'intern', 'drive', 'show', 'sign', 'start', 'fail', 'includ', 'report', 'uncorrect', 'read', 'error', 'routin', 'file', 'scan', 'chang', 'remov', 'old', 'intern', 'drive', 'replac', 'new', 'fit', 'sata', 'data', 'power', 'cabl', 'gsmartcontrol', 'present', 'smartctl', 'data', 'm', 'run', 'debian', 'inspect', 'drive', 's', 'smart', 'data', 'pai', 'particular', 'attent', 'start', 'stop', 'count', 'shown', 'norm', 'ed', 'valu', 'worst', 'threshold', 'raw', 'valu', 'seek', 'error', 'rate', 'spin', 'retri', 'count', 'intermitt', 'spin', 'seek', 'error', 'hypothesi', 'data', 't', 'support', 'valu', 'chang', 'pre', 'failur', 'old', 'ag', 'sai', 'fail', 'imo', 'expect', 'drive', 'servic', 'dai', 'seek', 'error', 'rate', 'raw', 'valu', 'high', 's', 'grow', 'rapidli', 't', 'major', 'caus', 'concern', 'tool', 'ran', 'convey', 'short', 'self', 'test', 'complet', 'error', 'lifetim', 'hour', 'valu', 'test', 'log', 'm', 'current', 'run', 'extend', 'drive', 'self', 'test', 'includ', 'disk', 'surfac', 'scan', 'frankli', 't', 'think', 'turn', 'thing', 'certainli', '_is_', 'interest', 'littl', 'minut', 'extend', 'self', 'test', 'run', 'haven', 't', 'heard', 'nois', 'point', 'new', 'drive', 'culprit', 'haven', 't', 'differ', 'time', 'hdparm', 'disabl', 'power', 'save', 'root', 'run', 'hdparm', 's', 'dev', 'sda', 'dev', 'sda', 'drive', 'question', 'appar', 'effect', 'idea', 'appreci', 'edit', 'follow', 'suggest', 'totaam', 'turn', 'complet', 'includ', 'master', 'switch', 'psu', 'restart', 'gradual', 'ad', 'complex', 'fine', 'far', 'tell', 'runlevel', 'runlevel', 'debian', 'multius', 'x', 'basic', 'kitchen', 'sink', 'got', 'thrown', 'point', 'drive', 'start', 'exhibit', 'behavior', 'look', 'start', 'enter', 'runlevel', 'look', 'possibl', 'culprit', 'acpid', 'clear', 'candid', 'disabl', 't', 'help', 'run', 'hdparm', 'manual', 'close', 'look', 'bio', 'set', 'meantim', 'list', 'start', 'enter', 'runlevel', 'order', 'possibl', 'culprit', 'seek', 'error', 'rate', 'climb', 'raw', 'valu', 'statd', 'rsyslogd', 'binfmt', 'support', 'acpid', 'remov', 'virtualbox', 'os', 'host', 'kernel', 'modul', 'timid', 'dbu', 'hald', 'anacron', 'atd', 'gdm', 'avahi', 'daemon', 'cron', 'cupsd', 'kerneloop', 'cpufreq', 'ntpd', 'postfix', 'sshd']","['hard', 'drive', 'hardware', 'failure']"
48389,"['determin', 'domain', 'group', 'membership', 'xp', 'profession']","['like', 'simpl', 'question', 'googl', 'skill', 'fail', 'log', 'domain', 'domain', 'user', 'admin', 'right', 'determin', 'group', 'user', 'account', 'belong']","['windows', 'user', 'accounts', 'windows', 'domain']"
86999,"['t', 'folder', 'file', 'window']","['version', 'window', 'unabl', 'renam', 'file', 'folder', 'parti', 'file', 'renam', 'softwar', 'try', 'window', 'result', 'error', 'specifi', 'devic', 'invalid', 'try', 'save', 'file', 'txt', 'notepad', 'lead', 'similar', 'error', 'file', 'reserv', 'us', 'window', 'choos', 'try', 't', 'file', 'folder', 'window']","['windows', 'windows', 'explorer', 'rename', 'filenames']"
98562,"['wai', 'avoid', 'ssh', 'connect', 'timeout', 'freez', 'gnome', 'termin']","['connect', 'ssh', 'certain', 'server', 'timeout', 'freez', 'termin', 't', 'accept', 'input', 't', 'disconnect', 't', 'ctrl', 'c', 'kill', 'ssh', 'process', 'ubuntu', 's', 'gnome', 'termin', 'paus', 'termin', 'input', 'output', 't', 'affect', 'oper', 'gnome', 'termin', 'softwar', 'bug', 'gnome', 'termin', 'annoi', 'inconsist', 'ssh', 'wai', 'prevent', 'regain', 'termin', 'ssh', 'connect', 'time']","['ssh', 'terminal', 'timeout', 'gnome', 'terminal']"
81541,"['run', 'ssd', 'drive', 'raid']","['want', 'replac', 'oper', 'sytem', 'hard', 'drive', 'ssd', 'drive', 'possibl', 'curiou', 'raid', 'setup', 'improv', 'speed', 'exactli', 'need', 'run', 'ssd', 'drive', 'raid', 'setup']","['hard', 'drive', 'ssd', 'raid']"
105699,"['possibl', 'ubuntu', 'function', 'window']","['ubuntu', 'right', 'click', 'window', 'option', 'incred', 'us', 'want', 'window', 'desktop', 'e', 'g', 'internet', 'browser', 'want', 'inform', 'smaller', 'window', 'e', 'g', 'video', 'film', 'window', 'snap', 'edg', 'featur', 'us', 'us', 'lot', 'want', 'annoi', 'program', 'window', 'media', 'player', 'task', 'manag', 'exampl', 'option', 'doesnt', 'softwar', 'fix', 'exampl', 'featur', 'ubuntu', 'enter', 'imag', 'descript', 'http', 'stack', 'imgur', 'com', 'telh', 'jpg']","['windows', 'windows', 'window', 'manager', 'always', 'on', 'top']"
75903,"['access', 'switch', 'trai', 'icon', 'shortcut', 'window']","['access', 'switch', 'trai', 'icon', 'defin', 'shortcut', 'window', 'run', 'program', 'reach', 'alt', 'tab', 'taskbar', 'trai', 'reach', 'applic', 'mous', 'heard', 'tricki', 'kei', 'combin', 'like', 'ctrl', 'esc', 'esc', 'tab', 'tab', 'tab', 'applic', 'arrow', 'kei', 's', 'ridicul', 'us', 'long', 'kei', 'combin', 'simpl', 'task', 'util', 'manag', 'switch', 'like', 'taskswitchxp', 'alt', 'tab', 'mayb', 'taskswitchxp', 'possibl', 'access', 'applic', 'trai']","['windows', 'switch', 'notification', 'area']"
114003,"['clone', 'larger', 'drive', 'smaller', 'drive', 'space', 'fit', 'smaller']","['gb', 'drive', 'gb', 'got', 'gb', 'ssd', 'gb', 'avail', 'space', 'want', 'clone', 'drive', 'ssd', 'driveimag', 'xml', 'let', 'copi', 'larger', 'drive', 'smaller']","['hard', 'drive', 'clone']"
120173,"['resolv', 'conf', 'work', 'properli', 'ethernet', 'ubuntu']","['lenovo', 'x', 'laptop', 'run', 'ubuntu', 'recent', 'assum', 'updat', 't', 'know', 'ethernet', 'port', 'stop', 'work', 'linux', 'tech', 'linux', 'savvi', 'friend', 'abl', 'temporarili', 'fix', 'problem', 'manual', 'edit', 'resolv', 'conf', 'file', 'dn', 'server', 'connect', 'reboot', 'problem', 'came', 'look', 'perman', 'solut']","['linux', 'ubuntu', 'dns', 'ethernet']"
182331,"['block', 'exampl', 'com', 'os', 'window', 'level']","['privaci', 'perform', 'reason', 'd', 'like', 'prevent', 'commun', 'certain', 'internet', 'host', 'd', 'like', 'os', 'level', 'web', 'browser', 'plug', 'in', 'broad', 'home', 'router', 'laptop', 'travel', 'd', 'prefer', 'us', 'built', 'tool', 'm', 'run', 'window', 'profession', 'bit', 'm', 'familiar', 'window', 'host', 'file', 'limit', 'confus', 'host', 'support', 'wildcard', 'test', 'confirm', 'experi', 'window', 'firewal', 'ip', 'secur', 'polici', 'mmc', 'snap', 'far', 'tell', 'requir', 'numer', 'address', 't', 'want', 'block', 'specif', 'ip', 'address', 'rang', 'address', 'ip', 'address', 'hostnam', 'map', 'chang', 'tool', 'window', 'profession', 'block', 'rout', 'commun', 'internet', 'host', 'hostnam', 'mask', 'good', 'free', 'parti', 'tool']","['windows', 'website', 'blocking']"
231358,"['allow', 'ip', 'rang', 'window', 'firewal']","['instal', 'window', 'main', 'machin', 'window', 'firewal', 'caus', 'havoc', 'home', 'network', 't', 'connect', 'main', 'machin', 'run', 'window', 'firewal', 'machin', 'network', 've', 'zone', 'alarm', 'past', 'easi', 'configur', 'ip', 'rang', 't', 'window', 'firewal', 'config', 'advic', 'thank']","['windows', 'firewall']"
244959,"['run', 'administr', 'shortcut', 'password', 'prompt']","['instal', 'program', 'window', 'need', 'admin', 'right', 'run', 'properli', 'run', 'window', 'xp', 'runa', 'command', 'savecr', 'switch', 'creat', 'shortcut', 'open', 'applic', 'run', 'administr', 'prompt', 'password', 'tri', 'option', 'internet', 'properti', 'dialogu', 'shortcut', 'mess', 'schedul', 'task', 'option', 'avail', 'run', 'window', 'home', 'premium', 'bit', 'program', 'instal', 'administr', 'icon', 'overlai', 'seam', 'run', 'admin', 'prompt', 'credenti', 'achiev', 'manual']","['windows', 'administrator', 'uac']"
60810,"['window', 'stuck', 'classpnp', 'sy']","['m', 'run', 'win', 'x', 'lenovo', 'thinkpad', 'z', 'm', 'dual', 'boot', 'mode', 'win', 'xp', 'os', 'run', 'separ', 'partit', 'faulti', 'batteri', 'left', 'unplug', 'laptop', 'shut', 'usual', 'minut', 'night', 'shut', 'plug', 'ac', 'power', 'start', 'm', 'stuck', 'start', 'window', 'screen', 'm', 'unabl', 'boot', 'safe', 'mode', 'recoveri', 'mode', 'xp', 'boot', 'fine', 'believ', 'instal', 'win', 'updat', 'previou', 'dai', 'boot', 'option', 'abl', 'window', 'get', 'stuck', 'classpnp', 'sy', 'fix', 'complet', 'win', 'restor', 'cd', 'creat', 'set', 'machin', 'm', 'unabl', 'boot', 'help']",['windows']
277805,"['set', 'desktop', 'background', 'window', 'script']","['x', 'window', 'cool', 'silent', 'alarm', 'remind', 'script', 'chang', 'root', 'window', 'background', 'color', 'solid', 'red', 'second', 'moment', 'chang', 'wai', 'window', 'xp', 'm', 'think', 'kind', 'schedul', 'task', 'us', 'cscript', 'set', 'registri', 'kei', 'hkey_current_us', 'control', 'panel', 'desktop', 'attempt', 't', 'effect', 'signal', 'read', 'registri', 'entri', 'draw', 'desktop']","['windows', 'windows', 'xp', 'script', 'desktop', 'customization']"
215544,"['linux', 'set', 'media', 'server', 'stream', 'video', 'internet']","['set', 'media', 'server', 'linux', 'stream', 'video', 'internet', 'easi', 'want', 'server', 'actual', 'encod', 'video', 'real', 'time', 'allow', 'stream', 'slow', 'unreli', 'network', 'basic', 'want', 'server', 'work', 'internet', 'directori', 'bunch', 'video', 'file', 'want', 'access', 'remot', 'situat', 'great', 'us', 'softwar', 'ps', 'media', 'server', 'd', 'like', 'equal', 'us', 'stream', 'video', 'internet']","['linux', 'internet', 'streaming', 'vlc', 'media', 'player', 'video', 'streaming']"
286685,"['creat', 'window', 'xp', 'user', 'linux', 'partit']","['long', 'stori', 'short', 'repair', 'brother', 's', 'set', 'password', 'account', 't', 't', 'contact', 'person', 'set', 'password', 'possibl', 'creat', 'window', 'xp', 'user', 'access', 'window', 'partit', 'linux', 'partit', 'pendriv', 'exampl', 'tinycor', 'thank', 'pointer']","['linux', 'windows', 'xp', 'user']"
520648,"['open', 'javascript', 'text']","['run', 'week', 'url', 'javascript', 'file', 'address', 'bar', 'javascript', 'text', 'browser', 'window', 'want', 'download', 'javascript', 'file', 'revert', 'previou', 'handl', 'annoi', 'm', 'develop', 'web', 'applic', 'displai', 'js', 'file', 'text', 'browser', 'refresh', 'forc', 'cach', 'updat', 'updat', 've', 'test', 'worker', 'machin', 'brows', 'js', 'file', 'render', 'browser', 'case', 'ask', 'download', 'file', 'associ', 't', 'effect', 'worker', 'test', 'chrome', 'want', 'download', 'chrome', 'render', 'text', 'make', 'think', 's', 'issu', 'os', 'issu']","['internet', 'explorer', 'javascript']"
579400,"['forc', 'output', 'hdmi', 'geforc', 'window']","['s', 'geforc', 'connect', 'hdmi', 'tv', 'connect', 'optic', 'soundbar', 'surround', 'forc', 'ps', 'output', 'pass', 'soundbar', 'successfulli', 'window', 'machin', 'believ', 'driver', 'commun', 'tv', 'report', 'channel', 'capabl', 'possibl', 'intern', 'speaker', 's', 'send', 't', 'wai', 'tv', 'report', 'capabl', 'instead', 'd', 'like', 'forc', 'video', 'card', 'like', 'wai', 'previou', 'version', 'window', 'instal', 'special', 'driver', 't', 'window', 's', 'screen', 'hope', 'pic', 'op', 'http', 'imgur', 'com', 'ky', 'o', 'lj', 'png']","['windows', 'hdmi']"
594329,"['averag', 'lowest', 'final', 'number', 'row', 'cell', 'blank']","['automat', 'averag', 'lowest', 'number', 'row', 'add', 'number', 'week', 'obvious', 'need', 'number', 'begin', 'formula', 'cell', 'row', 'blank']","['worksheet', 'function']"
612349,"['print', 'custom', 'paper', 'standsard', 'size', 'word']","['word', 'document', 'creat', 'x', 'custom', 'paper', 'dont', 'size', 'paper', 'normal', 'x', 'setup', 'word', 'print', 'document', 'current', 'size', 'normal', 'paper']","['microsoft', 'word']"
299241,"['mac', 'os', 'keyboard', 'shortcut', 'switch', 'window', 'applic']","['us', 'cmd', 'tab', 'shortcut', 'switch', 'differ', 'applic', 'exampl', 'xcode', 'googl', 'chrome', 'shortcut', 'switch', 'differ', 'window', 'applic', 'exampl', 'window', 'googl', 'chrome']","['macos', 'keyboard', 'keyboard', 'shortcuts']"
612851,"['sudo', 'k', 'vs', 'sudo', 'k']","['know', 'man', 'page', 'k', 'k', 'k', 'k', 'sure', 'kill', 'option', 'like', 'k', 'remov', 'user', 's', 'cach', 'credenti', 'entir', 'conjunct', 'command', 'option', 'option', 'requir', 'password', 'secur', 'polici', 'support', 'credenti', 'cach', 'k', 'command', 'k', 'kill', 'option', 'sudo', 'invalid', 'user', 's', 'cach', 'credenti', 'time', 'sudo', 'run', 'password', 'requir', 'option', 'requir', 'password', 'ad', 'allow', 'user', 'revok', 'sudo', 'permiss', 'logout', 'file', 'secur', 'polici', 'support', 'credenti', 'cach', 'conjunct', 'command', 'option', 'requir', 'password', 'k', 'option', 'caus', 'sudo', 'ignor', 'user', 's', 'cach', 'credenti', 'result', 'sudo', 'prompt', 'password', 'requir', 'secur', 'polici', 'updat', 'user', 's', 'cach', 'credenti', 'need', 'us', 'command', 'conjunct', 'option', 'correct', 'assum', 'k', 'better', 'option', 'us', 'k']","['linux', 'unix', 'sudo']"
94263,"['prefix', 'taskbar', 'icon', 'number']","['new', 'win', 'shortcut', 'good', 'us', 'app', 'taskbar', 'possibl', 'window', 'prefix', 'icon', 'number']",['windows']
612930,"['clean', 'log', 'bash']","['script', 'delet', 'file', 'dai', 'older', 'log', 'folder', 'log', 'delet', 'correctli', 'open', 'log', 'file', 'view', 'sloppi', 'log', 'home', 'delet', 'date', 'home', 'oldlogfil', 'type', 'f', 'mtime', 'delet', 'print', 'log', 'log', 'file', 'difficult', 'read', 'exampl', 'file', 'output', 'open', 'notepad', 'home', 'u', 'oldlogfil', 'file', 'txt', 'home', 'u', 'oldlogfil', 'file', 'txt', 'home', 'u', 'oldlogfil', 'file', 'txt', 'log', 'file', 'nicer', 'cleaner', 'mayb', 'filenam', 'date', 'delet', 'old', 'suggest', 'help']","['bash', 'logging']"
94263,"['prefix', 'taskbar', 'icon', 'number']","['new', 'win', 'shortcut', 'good', 'us', 'app', 'taskbar', 'possibl', 'window', 'prefix', 'icon', 'number']",['windows']
334241,"['switch', 'user', 'agent', 'chrome']","['look', 'wai', 'switch', 'user', 'agent', 'chrome', 'tri', 'user', 'agent', 'switcher', 'chrome', 'limit', 'success', 'want', 'user', 'agent', 'abil', 'add', 'new', 'agent', 'differ', 'oper', 'system', 'wai', 'chang', 'chrome', 's', 'user', 'agent']","['google', 'chrome', 'google', 'chrome', 'extensions', 'user', 'agent']"
586517,"['disabl', 'internet', 'access', 'leav', 'lan', 'work']","['m', 'look', 'command', 'command', 'line', 'program', 'toggl', 'disabl', 'enabl', 'internet', 'access', 'outsid', 'world', 'window', 'xp', 'machin', 'temporarili', 'block', 'internet', 'access', 'leav', 'lan', 'work', 'look', 'wai', 'chang', 'dn', 'browser', 'like', 'chrome', 'cach', 'machin', 'configur', 'dhcp']","['windows', 'xp', 'networking', 'command', 'line']"
507194,"['list', 'softwar', 'start', 'automat', 'window', 'start']","['know', 'window', 'multipl', 'wai', 'app', 'autostart', 'rememb', 'wai', 'singl', 'unifi', 'wai', 'bring', 'list', 'program', 'set', 'run', 'startup', 'let', 'disabl', 't', 'want', 'd', 'prefer', 'built', 'window', 'window', 'starter', 'free', 'open', 'sourc', 'sharewar', 'tool', 'accept', 'time', 'softwar', 'want', 'prevent', 'autostart', 'msn', 'messeng', 'y', 'messeng', 'vodaphon', 'mobil', 'broadband', 'start', 'dongl', 'insert', 'window', 's', 'startup', 'folder']","['windows', 'boot']"
491354,"['disabl', 'popup', 'messag', 'window']","['window', 'keep', 'pop', 'irrit', 'messag', 'odd', 'time', 'screen', 'win', 'popup', 'http', 'stack', 'imgur', 'com', 'wanzd', 'png', 'like', 'sort', 'new', 'balloon', 'tip', 'rid', 'perman']","['windows', 'notifications', 'popups']"
458875,"['loopback', 'address', 'work', 'os', 'x']","['accord', 'read', 'entir', 'x', 'x', 'x', 'subnet', 'loopback', 'mac', 'ping', 'know', 've', 'possibl', 'os', 'come', 'us', 'develop', 'multipl', 'ssl', 'site', 'local', 'tunnel', 'remot', 'servic', 'access', 'local', 'ip', 'exampl', 'ssh', 'mysql', 'server', 'port', 'forward', 'standard', 'port', 'port', 'local', 'machin', 'local', 'server', 'ran']","['macos', 'networking', 'routing', 'osx', 'mountain', 'lion', 'loopback']"
88679,"['quick', 'wai', 'check', 'broadband', 'speed']","['simplest', 'wai', 'check', 'actual', 'broadband', 'connect', 'speed']",['broadband']
150982,"['ghost', 'ui', 'element']","['occasion', 'applic', 'linger', 'desktop', 'alt', 'text', 'http', 'stack', 'imgur', 'com', 'xpr', 'w', 'jpg', 'context', 'menu', 'applic', 'mean', 'screen', 'click', 'click', 'happen', 'window', 'remain', 'screen', 'applic', 'origin', 'longer', 'run', 'rid', '_without', 'rebooting_']","['windows', 'vista', 'window', 'manager']"
229433,"['tell', 'what', 'eat', 'harddriv', 'space']","['possibl', 'duplic', 'best', 'free', 'tool', 'largest', 'file', 'folder', 'drive', 'best', 'program', 'visual', 'file', 'usag', 'window', 'know', 'free', 'softwar', 'graph', 'directori', 'hard', 'drive', 'sort', 'order', 'largest', 'size', 'provid', 'solut', 'quickli', 'determin', 'drive', 'file', 'consum', 'hard', 'drive', 'space']","['hard', 'drive', 'disk', 'space']"
163016,"['log', 'process', 'workdai']","['basic', 'want', 'track', 'process', 'run', 'cpu', 'dai', 'pinpoint', 'random', 'freez', 'slow', 'like', 'text', 'file', 'log', 'previou', 'dai', 'process', 'effect']","['windows', 'performance', 'logging']"
619697,"['ffmpeg', 'lossi', 'compress', 'problem']","['m', 'try', 'compress', 'larg', 'video', 'upload', 'vimeo', 'preserv', 'weekli', 'limit', 'command', 'us', 'tri', 'reduc', 'imag', 'qualiti', 'result', 'video', 'crash', 'vlc', 'simpli', 'plai', 'player', 'code', 've', 'includ', 'compress', 'ffmpeg', 'test', 'mp', 'vcodec', 'libx', 'crf', 'test', 'mp', 'convert', 'mov', 'mp', 'compress', 'ffmpeg', 'test', 'mov', 'qscale', 'video', 'mp', 'idea', 'happen', 'm', 'work', 'osx', 'bash', 'mountain', 'lion', 'case', 'result', 'report', 'unknown', 'c', 'd', 'e', 'e', 'fc', 'birthday_int', 'robinedward', 'ffmpeg', 'test', 'mov', 'q', 'v', 'video', 'mp', 'ffmpeg', 'version', 'copyright', 'c', 'ffmpeg', 'develop', 'built', 'appl', 'llvm', 'version', 'clang', 'base', 'llvm', 'svn', 'configur', 'prefix', 'usr', 'local', 'cellar', 'ffmpeg', 'enabl', 'share', 'enabl', 'pthread', 'enabl', 'gpl', 'enabl', 'version', 'enabl', 'nonfre', 'enabl', 'hardcod', 'tabl', 'enabl', 'avresampl', 'cc', 'cc', 'host', 'cflag', 'host', 'ldflag', 'enabl', 'libx', 'enabl', 'libfaac', 'enabl', 'libmp', 'lame', 'enabl', 'libxvid', 'libavutil', 'libavcodec', 'libavformat', 'libavdevic', 'libavfilt', 'libswscal', 'libswresampl', 'libpostproc', 'input', 'mov', 'mp', 'm', 'gp', 'g', 'mj', 'test', 'mov', 'metadata', 'major_brand', 'qt', 'minor_vers', 'compatible_brand', 'qt', 'creation_tim', 'durat', 'start', 'bitrat', 'kb', 's', 'stream', 'eng', 'video', 'png', 'png', 'x', 'e', 'rgb', 'x', 'kb', 's', 'fp', 'tbr', 'k', 'tbn', 'k', 'tbc', 'metadata', 'creation_tim', 'handler_nam', 'appl', 'alia', 'data', 'handler', 'file', 'video', 'mp', 'exist', 'overwrit', 'y', 'n', 'y', 'cpu', 'capabl', 'mmx', 'sse', 'fast', 'ssse', 'fastshuffl', 'sse', 'avx', 'libx', 'x', 'fb', 'b', 'ec', 'profil', 'high', 'predict', 'level', 'bit', 'libx', 'x', 'fb', 'b', 'ec', 'core', 'h', 'mpeg', 'avc', 'codec', 'copyleft', 'http', 'www', 'videolan', 'org', 'x', 'html', 'option', 'cabac', 'ref', 'deblock', 'analys', 'x', 'x', 'hex', 'subm', 'psy', 'psy_rd', 'mixed_ref', 'me_rang', 'chroma_m', 'trelli', 'x', 'dct', 'cqm', 'deadzon', 'fast_pskip', 'chroma_qp_offset', 'thread', 'lookahead_thread', 'sliced_thread', 'nr', 'decim', 'interlac', 'bluray_compat', 'constrained_intra', 'bframe', 'b_pyramid', 'b_adapt', 'b_bia', 'direct', 'weightb', 'open_gop', 'weightp', 'keyint', 'keyint_min', 'scenecut', 'intra_refresh', 'rc_lookahead', 'rc', 'crf', 'mbtree', 'crf', 'qcomp', 'qpmin', 'qpmax', 'qpstep', 'ip_ratio', 'aq', 'output', 'mp', 'video', 'mp', 'metadata', 'major_brand', 'qt', 'minor_vers', 'compatible_brand', 'qt', 'encod', 'lavf', 'stream', 'eng', 'video', 'h', 'x', 'yuv', 'p', 'x', 'q', 'tbn', 'tbc', 'metadata', 'creation_tim', 'handler_nam', 'appl', 'alia', 'data', 'handler', 'stream', 'map', 'stream', 'png', 'libx', 'press', 'q', 'stop', 'help', 'frame', 'fp', 'q', 'lsize', 'kb', 'time', 'bitrat', 'kbit', 's', 'video', 'kb', 'audio', 'kb', 'subtitl', 'global', 'header', 'kb', 'mux', 'overhead', 'libx', 'x', 'fb', 'b', 'ec', 'frame', 'avg', 'qp', 'size', 'libx', 'x', 'fb', 'b', 'ec', 'frame', 'p', 'avg', 'qp', 'size', 'libx', 'x', 'fb', 'b', 'ec', 'frame', 'b', 'avg', 'qp', 'size', 'libx', 'x', 'fb', 'b', 'ec', 'consecut', 'b', 'frame', 'libx', 'x', 'fb', 'b', 'ec', 'mb', 'libx', 'x', 'fb', 'b', 'ec', 'mb', 'p', 'p', 'skip', 'libx', 'x', 'fb', 'b', 'ec', 'mb', 'b', 'b', 'direct', 'skip', 'l', 'l', 'bi', 'libx', 'x', 'fb', 'b', 'ec', 'x', 'transform', 'intra', 'inter', 'libx', 'x', 'fb', 'b', 'ec', 'code', 'y', 'u', 'v', 'intra', 'inter', 'libx', 'x', 'fb', 'b', 'ec', 'v', 'h', 'dc', 'p', 'libx', 'x', 'fb', 'b', 'ec', 'v', 'h', 'dc', 'ddl', 'ddr', 'vr', 'hd', 'vl', 'hu', 'libx', 'x', 'fb', 'b', 'ec', 'v', 'h', 'dc', 'ddl', 'ddr', 'vr', 'hd', 'vl', 'hu', 'libx', 'x', 'fb', 'b', 'ec', 'weight', 'p', 'frame', 'y', 'uv', 'libx', 'x', 'fb', 'b', 'ec', 'ref', 'p', 'l', 'libx', 'x', 'fb', 'b', 'ec', 'ref', 'b', 'l', 'libx', 'x', 'fb', 'b', 'ec', 'ref', 'b', 'l', 'libx', 'x', 'fb', 'b', 'ec', 'kb', 's']",['ffmpeg']
8248,"['visual', 'file', 'usag', 'window']","['visual', 'folder', 'file', 'take', 'space', 'hard', 'drive', 'm', 'get', 'conflict', 'report', 'size', 'hard', 'drive', 'content', 'isn', 't', 'folder', 'actual', 'space', 'need', 'know', 'file', 'folder', 'culprit', 'hidden', 'bloat', 'print', 'option', 'paper']","['windows', 'printing', 'file', 'management', 'disk', 'space', 'community', 'faq']"
8248,"['visual', 'file', 'usag', 'window']","['visual', 'folder', 'file', 'take', 'space', 'hard', 'drive', 'm', 'get', 'conflict', 'report', 'size', 'hard', 'drive', 'content', 'isn', 't', 'folder', 'actual', 'space', 'need', 'know', 'file', 'folder', 'culprit', 'hidden', 'bloat', 'print', 'option', 'paper']","['windows', 'printing', 'file', 'management', 'disk', 'space', 'community', 'faq']"
12022,"['window', 'vpn', 'rout', 'select', 'traffic', 'destin', 'network']","['want', 'us', 'window', 'vpn', 'particular', 'network', 't', 'entir', 'network', 'connect', 'e', 'g', 'instead', 'vpn', 'default', 'rout', 'rout', 'solut', 'ubuntu', 'question', 'window', 'autom', 'connect', 'vpn']","['windows', 'networking', 'vpn', 'routing']"
16207,"['file', 'window', 'folder', 'contain']","['file', 'window', 'folder', 'contain', 'question', 'ask', 'question', 'text', 'pollut', 'question', 'issu', 'rule', 'thumb', 'clear', 'question', 'file', 'window', 'folder', 'contain']","['windows', 'filesystems', 'file', 'management']"
19358,"['identifi', 'cpu', 'model']","['intel', 'xeon', 'cpu', 'ghz', 'kb', 'cach', 'size', 'wonder', 'chip', 'cach', 'machin', 'l', 'l', 'wai', 'know', 'unix', 'command']","['cache', 'xeon']"
46123,"['compar', 'differ', 'pdf', 'file', 'window']","['know', 'good', 'wai', 'compar', 'pdf', 'file', 'modif', 'm', 'look', 'window', 'softwar', 'accomplish', 'great', 'post', 'free', 'free', 'product']","['windows', 'pdf', 'file', 'comparison']"
61913,"['arrang', 'window', 'applic', 'taskbar', 'window']","['wai', 'arrang', 'window', 'applic', 'taskbar', 'window', 'right', 'freeli', 'adjust', 'applic', 's', 'posit', 'taskbar', 'app', 'window', 't', 'reorder', 'exampl', 'multipl', 'window', 'firefox', 'chrome']","['windows', 'taskbar']"
11289,"['custom', 'gvim', 'toolbar']","['d', 'like', 'remov', 'default', 'icon', 'mayb', 'add', 'icon', 'exampl', 'nice', 'icon', 'nerdtre', 'taglist']","['toolbar', 'gvim']"
27347,"['conhost', 'ex', 'process', 'show', 'task', 'manag']","['process', 'conhost', 'ex', 'start', 'show', 'window', 'search', 'googl', 't', 'reveal', 'explan', 'process', 'show', 'conhost', 'ex', 'process']","['windows', 'process', 'console']"
65524,"['synchronis', 'folder', 'real', 'time', 'window']","['want', 'synchronis', 'folder', 'real', 'time', 'window', 'basic', 'want', 'monitor', 'folder', 'synchronis', 'chang', 'new', 'file', 'chang', 'file', 'delet', 'file', 'drive', 'real', 'time', 'get', 'synchronis', 'instantli', 'chang', 'happen', 'direct', 'synchronis', 'tri', 'microsoft', 's', 'synctoi', 'sync', 'hand', 'schedul', 'satisfi', 'real', 'time', 'requir', 'achiev', 'window', 'method']","['windows', 'sync', 'real', 'time']"
11995,"['spilt', 'coffe', 'laptop']","['drop', 'half', 'latt', 'compani', 'laptop', 'sure', 'wai', 'sure', 'laptop', 'usabl', 'step', 'improv', 's', 'chanc', 'surviv']","['laptop', 'laptop', 'repair']"
60700,"['permiss', 'delet', 'file', 'window']","['updat', 'laptop', 's', 'os', 'window', 'xp', 'window', 'leftov', 'file', 'window', 'xp', 'try', 'delet', 'follow', 'error', 'need', 'permiss', 'perform', 'action', 'requir', 'permiss', 's', 'chang', 'folder', 's', 'weird', 'log', 'user', 'account', 'machin', 'administr', 'privileg', 'tri', 'turn', 'uac', 't', 'delet', 'file', 'forc', 'remov', 'file']","['windows', 'permissions']"
100360,"['remov', 'malici', 'spywar', 'malwar', 'adwar', 'virus', 'trojan', 'rootkit', 'pc']","['window', 'infect', 'viru', 'malwar', 'symptom', 'infect', 'notic', 'infect', 'rid', 'prevent', 'infect', 'malwar', 'question', 'come', 'frequent', 'suggest', 'solut', 'usual', 'commun', 'wiki', 'attempt', 'serv', 'definit', 'comprehens', 'answer', 'possibl', 'feel', 'free', 'add', 'contribut', 'edit']","['windows', 'anti', 'virus', 'virus', 'malware', 'community', 'faq']"
25680,"['measur', 'disk', 'perform']","['friend', 'ask', 'perform', 'mainten', 'oh', 'describ', 'symptom', 'point', 'perform', 'issu', 'hard', 'drive', 'want', 'object', 'confirm', 'suspicion', 'measur', 'perform', 'rpm', 'disk', 'tool', 'recommend', 'job', 'publish', 'standard', 'guidelin', 'number', 'us', 'purpos', 'compar', 'find']","['hard', 'drive', 'performance', 'benchmarking']"
104043,"['extend', 'network', 'connect', 'wireless', 'router', 'wire', 'router']","['came', 'question', 'similar', 'dont', 'xbox', 'd', 'link', 'specif', 'network', 'devic', 'd', 'link', 'figur', 'd', 'ask', 'purchas', 'd', 'link', 'dir', 'wireless', 'router', 'hope', 'extend', 'lan', 'connect', 'exist', 'd', 'link', 'dgl', 'wire', 'router', 'dont', 'know', 'word', 'correctli', 'basic', 'd', 'like', 'abl', 'connect', 'ethernet', 'cabl', 'port', 'wire', 'port', 'wireless', 'wire', 'gain', 'extra', 'wire', 'port', 'serv', 'wireless', 'hous', 'current', 'set', 'dhcp', 'server', 'network', 'iphon', 'laptop', 'imac', 'connect', 'wireless', 'desktop', 'plu', 'printer', 'wire', 'answer', 'situat', 'shall', 'delet', 'question', 'refer']","['networking', 'wireless', 'networking', 'lan']"
110031,"['faster', 'time', 'gb', 'time', 'gb', 'ram', 'dual', 'channel', 'mainboard']","['m', 'build', 'core', 'support', 'dual', 'channel', 'memori', 'gb', 'dimm', 'target', 'gb', 'perform', 'perspect', 'better', 'time', 'gb', 'time', 'gb']","['memory', 'performance']"
108186,"['assign', 'perman', 'drive', 'letter', 'remov', 'usb', 'hard', 'drive']","['script', 'expect', 'specif', 'drive', 'letter', 'hard', 'drive', 'window', 'assign', 'differ', 'drive', 'letter', 'e', 'g', 'expect', 'maxtor', 'drive', 'e', 's', 'f', 'script', 'fail', 'depend', 'order', 'drive', 'plug', 'laptop', 'window', 'assign', 'perman', 'drive', 'letter', 'drive']","['windows', 'hard', 'drive', 'usb', 'flash', 'drive', 'drive', 'letter']"
133844,"['test', 'video', 'card', 'memori']","['want', 'test', 'memori', 'video', 'card', 'vertic', 'line', 'screen', 'basic', 'troubleshoot', 'problem', 'video', 'card', 'want', 'valid', 'issu', 'video', 'card', 'test', 'memrori', 'softwar', 'nvidia', 'card', 'cuda', 'support', 'card', 'nvidia', 'geforc', 'cuda', 'support']","['memory', 'nvidia', 'geforce']"
52874,"['iex', 'default', 'x', 'window']","['t', 'think', 've', 'seen', 'answer', 'question', 'm', 'curiou', 'bit', 'os', 'instal', 'ex', 'vista', 'x', 'default', 'bit', 'version', 'drawback', 'x', 'version', 'specif']","['bit', 'internet', 'explorer']"
135214,"['cd', 'command', 'window', 'command', 'line', 't', 'navig', 'd']","['silli', 'question', 'think', 'look', 'answer', 'path', 'issu', 'open', 'command', 'line', 'type', 'c', 'cd', 'd', 'd', 'drive', 'type', 'cd', 'd', 'folder', 'command', 'ex', 'auto', 'complet', 'line', 'tab', 'kei', 'know', 'm', 't', 'print', 'screen', 'result', 'actual', 'problem', 'exist', 'network', 'drive', 'us', 'chdir', 'cd', 'command', 'like', 'chdir', 'd', 'cd', 'd', 'print', 'd', 'command', 'sai', 'm', 'c', 'feel', 'like', 'm', 'miss', 'simpl']","['windows', 'command', 'line', 'path', 'cd']"
100360,"['remov', 'malici', 'spywar', 'malwar', 'adwar', 'virus', 'trojan', 'rootkit', 'pc']","['window', 'infect', 'viru', 'malwar', 'symptom', 'infect', 'notic', 'infect', 'rid', 'prevent', 'infect', 'malwar', 'question', 'come', 'frequent', 'suggest', 'solut', 'usual', 'commun', 'wiki', 'attempt', 'serv', 'definit', 'comprehens', 'answer', 'possibl', 'feel', 'free', 'add', 'contribut', 'edit']","['windows', 'anti', 'virus', 'virus', 'malware', 'community', 'faq']"
131365,"['prevent', 'file', 'access', 'internet']","['ex', 'dll', 'file', 'belong', 'program', 'laptop', 'commun', 'internet', 'permiss', 'self', 'updat', 'gener', 'want', 'prevent', 'file', 'access', 'internet', 't', 'want', 'instal', 'extern', 'firewal', 'm', 'window', 'home', 'pro', 'window', 'firewal', 's', 'ok', 'took', 'look', 'window', 'firewal', 'couldn', 't', 'set', 'disabl', 'file', 'access']","['windows', 'internet', 'permissions', 'firewall']"
158142,"['convert', 'hex', 'base']","['recommend', 'straightforward', 'wai', 'tool', 'convert', 'hex', 'base', 'm', 'linux', 'os', 'x']","['encoding', 'base']"
196989,"['remov', 'disabl', 'eas', 'access', 'button', 'window', 'login', 'screen']","['question', 'refer', 'window', 'profession', 'bit', 'lock', 't', 'want', 'peopl', 'abl', 'mess', 'like', 'eas', 'access', 'button', 'left', 'corner', 'logon', 'screen', 'remov', 'disabl']","['windows', 'login', 'screen']"
165395,"['delet', 'invalid', 'file', 'colon', 'window']","['ve', 'got', 'larg', 'number', 'file', 'window', 'drive', 'colon', 'came', 'unpack', 'unix', 'archiv', 'try', 'delet', 'window', 'xp', 'complain', 'file', 'exist', 'refus', 'delet', 'happen', 'try', 'delet', 'renam', 'explor', 'command', 'line', 'chkdsk', 'complain', 'file', 'fix', 'problem', 'idea', 'rid']","['windows', 'windows', 'xp']"
166755,"['cryptic', 'bash', 'command', 'mean']","['read', 'ubuntu', 'forum', 's', 'warn', 'malici', 'command', 'interest', 'gem', 'warn', 'code', '_will_', 'crash', 'machin', 'strict', 'proc', 'limit', 'place', 'probabl', 't', 'prompt', 'hard', 'restart', 'consid', 'code', 'similar', 'run', 'sudo', 'rm', 'rf', 'mean', 'program', 'experi', 've', 'seen', 'command', 'cryptic', 's', 'assembl', 'languag']",['bash']
189194,"['window', 'hotkei', 'minimis', 'singl', 'current', 'activ', 'window']","['window', 'vista', 'm', 'familiar', 'window', 'kei', 'http', 'stack', 'imgur', 'com', 'b', 'zit', 'png', 'win', 'd', 'desktop', 'want', 'minimis', 'window', 'activ', 'lot', 'hotkei', 'us', 'minimis', 'current', 'activ', 'window']","['windows', 'vista', 'hotkeys']"
204925,"['excel', 'subset', 'number', 'add', 'given', 'total']","['column', 'number', 'let', 's', 'need', 'subset', 'sum', 'certain', 'total']","['microsoft', 'excel', 'microsoft', 'office', 'microsoft', 'excel']"
197550,"['firefox', 'download', 'differ', 'file', 'type', 'differ', 'locat']","['download', 'music', 'set', 'download', 'locat', 'music', 'folder', 'place', 'time', 'download', 'doc', 'file', 'pdf', 'file', 'remov', 'wai', 'firefox', 'chang', 'download', 'folder', 'base', 'file', 'extens', 'll', 'settl', 'non', 'mp', 'file', 'get', 'save', 'desktop', 'know', 'right', 'click', 'choos', 'save', 'link', 'pick', 'download', 'locat', 'like', 'better', 'wai']","['firefox', 'download']"
237560,"['wai', 'set', 'default', 'view', 'word', 'restart']","['time', 'open', 'document', 'word', 'word', 'wide', 'screen', 'displai', 'page', 'view', 'actual', 'annoi', 'like', 'word', 'displai', 'page', 'view', 'prefer', 'specif', 'zoom', 'factor', 'default', 'displai', 'page', 'view', 'wai', 'achiev', 'version', 'accept', 'solut', 'includ', 'write', 'macro', 'rd', 'parti', 'util']","['microsoft', 'word', 'microsoft', 'word', 'microsoft', 'word']"
214004,"['add', 'user', 'group', 'mac', 'os', 'x', 'command', 'line']","['try', 'add', 'user', 'group', 'command', 'line', 't', 'figur', 'specif', 'mac', 'os', 'x', 'server', 'version', 'user', 'john', 'group', 'admin', 'wheel']","['macos', 'mac', 'command', 'line', 'osx', 'leopard']"
256722,"['convert', 'router', 'switch']","['coupl', 'modem', 'router', 'came', 'isp', 'servic', 'longer', 'moment', 'current', 'isp', 's', 'router', 'run', 'wireless', 'network', 'wire', 'portion', 'coupl', 'room', 'room', 'switch', 'connect', 'comput', 'cabl', 'come', 'router', 'room', 'coupl', 'cabl', 'actual', 'split', 'need', 'addit', 'wire', 'connect', 'convert', 'exist', 'router', 'behav', 'switch', 't', 'want', 'router', 'control', 'subnet', 'give', 'ip', 'devic', 'connect', 'transpar', 'network', 'addit', 'wire', 'connect', 'avail']","['networking', 'router', 'switch']"
271113,"['properli', 'secur', 'wireless', 'home', 'network']","['m', 'soon', 'go', 'set', 'wireless', 'network', 'buddi', 'hopefulli', 'make', 'secur', 'question', 'concern', 'figur', 'hand', 'steer', 'right', 'direct', 'wrt', 'ag', 'version', 'load', 'factori', 'firmwar', 've', 'heard', 's', 'possibl', 'load', 'firmwar', 'router', 'like', 'worth', 'achiev', 'wonder', 'kind', 'secur', 'us', 'wireless', 'ideal', 'want', 'devic', 'accept', 'm', 'sure', 'accomplish', 'm', 'guess', 'mac', 'address', 't', 'know', 'thing', 'great', 'encrypt', 'm', 'told', 'wpa', 'best', 'devic', 'need', 'ad', 'list', 'sort', 'abl', 'access', 'ap', 'featur', 'think', 'complet', 'hide', 'wireless', 'show', 'peopl', 's', 'possibl', 'like', 'ssid', 'broadcast', 'thing', 'worth', 'troubl', 'option', 'look', 'implement', 'bandwidth', 'calcul', 'ideal', 'router', 'measur', 'bandwidth', 'month', 'bill', 'limit', 'obvious', 'possibl', 'throttl', 'speed', 'certain', 'limit', 'reach', 'alot', 'point', 'hope', 'knowledg', 'subject', 'hand', 'pointer', 'hopefulli', 'possibl', 'm', 'dream']","['wireless', 'networking', 'security', 'home', 'networking']"
189194,"['window', 'hotkei', 'minimis', 'singl', 'current', 'activ', 'window']","['window', 'vista', 'm', 'familiar', 'window', 'kei', 'http', 'stack', 'imgur', 'com', 'b', 'zit', 'png', 'win', 'd', 'desktop', 'want', 'minimis', 'window', 'activ', 'lot', 'hotkei', 'us', 'minimis', 'current', 'activ', 'window']","['windows', 'vista', 'hotkeys']"
